{
	"name" : "MyTokenBar",
	"title" : "My Token Bar",
	"description" : "Creates Bar to Control a tokens actions.",
	"author" : ["kekilla#7036", "^ and stick#0520"],
	"version" : "v0.3.2",
	"minimumCoreVersion" : "0.6.0",
	"esmodules" : ["scripts/main.js"],
	"styles" : ["styles/tokenbar.css"],
	"systems" : ["dnd5e"],
	"url" : "https://github.com/Kekilla0/TokenBar",
	"manifest" : "https://github.com/asurwad/token-bar-modificado/blob/master/module.json",
	"download" : "https://github.com/asurwad/token-bar-modificado/raw/master/scripts/MyTokenBar.zip"
}
